"title","company","location","link","time"
"Mid-Junior DevOps Engineer - USA","HERE","New York, NY","https://www.linkedin.com/jobs/view/mid-junior-devops-engineer-usa-at-here-4347377348?position=1&pageNum=0&refId=6wa1T%2Fc7Ct2t%2Bz7webW4bA%3D%3D&trackingId=D8CoxbItgyJ9T5aOVbh0kw%3D%3D","2 days ago"
"junior devops engineer","OVA.Work","Alpharetta, GA","https://www.linkedin.com/jobs/view/junior-devops-engineer-at-ova-work-4309344701?position=2&pageNum=0&refId=6wa1T%2Fc7Ct2t%2Bz7webW4bA%3D%3D&trackingId=8sEa5DjjGwzLptFBWhXqrQ%3D%3D","1 month ago"
"DevOps Engineer","RADcube","Indianapolis, IN","https://www.linkedin.com/jobs/view/devops-engineer-at-radcube-4323194999?position=3&pageNum=0&refId=6wa1T%2Fc7Ct2t%2Bz7webW4bA%3D%3D&trackingId=YiRZEcZD6Yx41Je2UtlDtQ%3D%3D","1 week ago"
"DevOps Engineer - Remote","The Dignify Solutions, LLC","Newtown Square, PA","https://www.linkedin.com/jobs/view/devops-engineer-remote-at-the-dignify-solutions-llc-4347005704?position=4&pageNum=0&refId=6wa1T%2Fc7Ct2t%2Bz7webW4bA%3D%3D&trackingId=79lh%2B4SnpR4Pjc%2BvfebjOQ%3D%3D","2 weeks ago"
"Junior DevOps Engineer","GliaCell Technologies","Hanover, MD","https://www.linkedin.com/jobs/view/junior-devops-engineer-at-gliacell-technologies-4338894490?position=5&pageNum=0&refId=6wa1T%2Fc7Ct2t%2Bz7webW4bA%3D%3D&trackingId=OHkPfcDWrTjAb330%2F8C45g%3D%3D","2 days ago"
"DevOps Cloud Engineer Based in U.S.A","Advancio","United States","https://www.linkedin.com/jobs/view/devops-cloud-engineer-based-in-u-s-a-at-advancio-4324442139?position=6&pageNum=0&refId=6wa1T%2Fc7Ct2t%2Bz7webW4bA%3D%3D&trackingId=kJxiiJ9KuxJpphZOwiLpjg%3D%3D","3 days ago"
"DeVops Engineer","Pittsburgh Robotics Network","Pittsburgh, PA","https://www.linkedin.com/jobs/view/devops-engineer-at-pittsburgh-robotics-network-4347073200?position=7&pageNum=0&refId=6wa1T%2Fc7Ct2t%2Bz7webW4bA%3D%3D&trackingId=i60ZqrIlewFhnQNh7h1AeA%3D%3D","5 days ago"
"DevOps Engineer","LifeMD","New York, NY","https://www.linkedin.com/jobs/view/devops-engineer-at-lifemd-4337132819?position=8&pageNum=0&refId=6wa1T%2Fc7Ct2t%2Bz7webW4bA%3D%3D&trackingId=vYpcTTXeyPibnNdWFcO8XQ%3D%3D","1 month ago"
"DevOps Engineer","Princeton IT Services, Inc","Englewood Cliffs, NJ","https://www.linkedin.com/jobs/view/devops-engineer-at-princeton-it-services-inc-4338714288?position=9&pageNum=0&refId=6wa1T%2Fc7Ct2t%2Bz7webW4bA%3D%3D&trackingId=GGBKCKcEJYfQf1pA3rKQAg%3D%3D","2 days ago"
"DevOps Engineer","Lean TECHniques","Johnston, IA","https://www.linkedin.com/jobs/view/devops-engineer-at-lean-techniques-4336685413?position=10&pageNum=0&refId=6wa1T%2Fc7Ct2t%2Bz7webW4bA%3D%3D&trackingId=MJGfpzwlx%2F9o1vXzbW7Tag%3D%3D","1 week ago"
"DevOps Engineer (35 LPA - 55 LPA)","CodeRound AI","Greater Bloomington Area","https://www.linkedin.com/jobs/view/devops-engineer-35-lpa-55-lpa-at-coderound-ai-4308183910?position=11&pageNum=0&refId=6wa1T%2Fc7Ct2t%2Bz7webW4bA%3D%3D&trackingId=BmytpiQV3V5cpNQ%2Fm%2BXrMA%3D%3D","1 month ago"
"DevOps Engineer","InfStones","Texas, United States","https://www.linkedin.com/jobs/view/devops-engineer-at-infstones-4339342430?position=12&pageNum=0&refId=6wa1T%2Fc7Ct2t%2Bz7webW4bA%3D%3D&trackingId=3%2BP90UpE3avGqHkbOp6ebw%3D%3D","8 hours ago"
"DevOps Engineer","LifeMD","Huntington Beach, CA","https://www.linkedin.com/jobs/view/devops-engineer-at-lifemd-4337182535?position=13&pageNum=0&refId=6wa1T%2Fc7Ct2t%2Bz7webW4bA%3D%3D&trackingId=H%2FM1D37YDYBIMmCl4G3UaA%3D%3D","1 month ago"
"Devops Engineer","Hoplite Solutions LLC","Bethesda, MD","https://www.linkedin.com/jobs/view/devops-engineer-at-hoplite-solutions-llc-4336082750?position=14&pageNum=0&refId=6wa1T%2Fc7Ct2t%2Bz7webW4bA%3D%3D&trackingId=wqSP6I4ZxHibhF6Rl%2BNK%2FQ%3D%3D","1 week ago"
"Devops Engineer","The Dignify Solutions, LLC","Brooklyn, OH","https://www.linkedin.com/jobs/view/devops-engineer-at-the-dignify-solutions-llc-4341915759?position=15&pageNum=0&refId=6wa1T%2Fc7Ct2t%2Bz7webW4bA%3D%3D&trackingId=uP58zFbEbJHSaYla%2BKuBFg%3D%3D","1 month ago"
"DevOps Engineer - 100% Remote","The Dignify Solutions, LLC","Newtown Square, PA","https://www.linkedin.com/jobs/view/devops-engineer-100%25-remote-at-the-dignify-solutions-llc-4347005722?position=16&pageNum=0&refId=6wa1T%2Fc7Ct2t%2Bz7webW4bA%3D%3D&trackingId=yAic2gXMkOcM9IfS2lVrNA%3D%3D","1 month ago"
"DevOps Engineer","The Dignify Solutions, LLC","Brooklyn, OH","https://www.linkedin.com/jobs/view/devops-engineer-at-the-dignify-solutions-llc-4341985652?position=17&pageNum=0&refId=6wa1T%2Fc7Ct2t%2Bz7webW4bA%3D%3D&trackingId=nholaximK%2FbTS4ma7Bi4Pw%3D%3D","1 month ago"
"Cloud Infrastructure Engineer","Greenshades Software","Jacksonville, FL","https://www.linkedin.com/jobs/view/cloud-infrastructure-engineer-at-greenshades-software-4339363516?position=18&pageNum=0&refId=6wa1T%2Fc7Ct2t%2Bz7webW4bA%3D%3D&trackingId=HOXKbDK4vrt1oLG3kmOYEA%3D%3D","3 hours ago"
"DevOps Systems Engineer","TensorWave","Las Vegas, NV","https://www.linkedin.com/jobs/view/devops-systems-engineer-at-tensorwave-4338727303?position=19&pageNum=0&refId=6wa1T%2Fc7Ct2t%2Bz7webW4bA%3D%3D&trackingId=IqfSM0aDaTP5lHn9uUISxg%3D%3D","2 days ago"
"DevOps Engineer","Protege","United States","https://www.linkedin.com/jobs/view/devops-engineer-at-protege-4331315574?position=20&pageNum=0&refId=6wa1T%2Fc7Ct2t%2Bz7webW4bA%3D%3D&trackingId=LbCrqWxv%2FLj4bnBz4KMopg%3D%3D","1 month ago"
"CloudOps Engineer","Protera","United States","https://www.linkedin.com/jobs/view/cloudops-engineer-at-protera-4336621571?position=21&pageNum=0&refId=6wa1T%2Fc7Ct2t%2Bz7webW4bA%3D%3D&trackingId=RtUkFr1EeodsW24jKQQRrg%3D%3D","1 week ago"
"Devops Engineer","PDG Consulting","New York, NY","https://www.linkedin.com/jobs/view/devops-engineer-at-pdg-consulting-4321885957?position=22&pageNum=0&refId=6wa1T%2Fc7Ct2t%2Bz7webW4bA%3D%3D&trackingId=PIl7fyDqxAwGiXKUT%2Bv1sw%3D%3D","2 weeks ago"
"DevOps Engineer - Remote","The Dignify Solutions, LLC","Newtown Square, PA","https://www.linkedin.com/jobs/view/devops-engineer-remote-at-the-dignify-solutions-llc-4341955705?position=23&pageNum=0&refId=6wa1T%2Fc7Ct2t%2Bz7webW4bA%3D%3D&trackingId=3zqjAkm%2BMA%2Fg30EgjhAtZA%3D%3D","1 month ago"
"DevOps Administrator","The Amatriot Group","Dallas, TX","https://www.linkedin.com/jobs/view/devops-administrator-at-the-amatriot-group-4310974393?position=24&pageNum=0&refId=6wa1T%2Fc7Ct2t%2Bz7webW4bA%3D%3D&trackingId=nqB1USMM7eKRBlS9IbIsKA%3D%3D","1 month ago"
"DevOps Engineer I","Trustwell","Portland, OR","https://www.linkedin.com/jobs/view/devops-engineer-i-at-trustwell-4321600458?position=25&pageNum=0&refId=6wa1T%2Fc7Ct2t%2Bz7webW4bA%3D%3D&trackingId=qTCtacNk525NlcvOEMCXvA%3D%3D","2 weeks ago"
"Cloud DevOps With Azure Experience -100%Remote","The Dignify Solutions, LLC","New Jersey, United States","https://www.linkedin.com/jobs/view/cloud-devops-with-azure-experience-100%25remote-at-the-dignify-solutions-llc-4341845867?position=26&pageNum=0&refId=6wa1T%2Fc7Ct2t%2Bz7webW4bA%3D%3D&trackingId=cCzRdMMKPDDA%2BiEhD1w9cA%3D%3D","1 month ago"
"DevOps Engineer","Arize AI","United States","https://www.linkedin.com/jobs/view/devops-engineer-at-arize-ai-4332964631?position=27&pageNum=0&refId=6wa1T%2Fc7Ct2t%2Bz7webW4bA%3D%3D&trackingId=Dg1n4ex24XEuWVccl5O69Q%3D%3D","4 weeks ago"
"DevOps Engineer","OVA.Work","Alpharetta, GA","https://www.linkedin.com/jobs/view/devops-engineer-at-ova-work-4338475165?position=28&pageNum=0&refId=6wa1T%2Fc7Ct2t%2Bz7webW4bA%3D%3D&trackingId=%2BZVuKzNMi6SHFt79kyH7bw%3D%3D","4 days ago"
"DevOps Engineer","Sustainment","Austin, TX","https://www.linkedin.com/jobs/view/devops-engineer-at-sustainment-4335637240?position=29&pageNum=0&refId=6wa1T%2Fc7Ct2t%2Bz7webW4bA%3D%3D&trackingId=U8OIKUoIB3NeJdaZgEYrvQ%3D%3D","2 weeks ago"
"Devops","The Dignify Solutions, LLC","Phoenix, AZ","https://www.linkedin.com/jobs/view/devops-at-the-dignify-solutions-llc-4347025595?position=30&pageNum=0&refId=6wa1T%2Fc7Ct2t%2Bz7webW4bA%3D%3D&trackingId=2WfRdVmCfzRHitmsjgGNZw%3D%3D","1 month ago"
"AWS DevOps Specialist","Focus School Software","St. Petersburg, FL","https://www.linkedin.com/jobs/view/aws-devops-specialist-at-focus-school-software-4333597594?position=31&pageNum=0&refId=6wa1T%2Fc7Ct2t%2Bz7webW4bA%3D%3D&trackingId=bn8OB5uxxB9a4X9D8xc5Qg%3D%3D","3 weeks ago"
"DevOps Engineer","Paramount","New York, NY","https://www.linkedin.com/jobs/view/devops-engineer-at-paramount-4335876548?position=32&pageNum=0&refId=6wa1T%2Fc7Ct2t%2Bz7webW4bA%3D%3D&trackingId=4im53K2QV%2BrAt8DCvGDXQg%3D%3D","1 day ago"
"DevOps Engineer","Chartmetric","New York, NY","https://www.linkedin.com/jobs/view/devops-engineer-at-chartmetric-4291046434?position=33&pageNum=0&refId=6wa1T%2Fc7Ct2t%2Bz7webW4bA%3D%3D&trackingId=7ADz6y31UFbOXey1IBww8g%3D%3D","3 months ago"
"DevOps Engineer (JIRA)","Rubix Solutions","Washington, DC","https://www.linkedin.com/jobs/view/devops-engineer-jira-at-rubix-solutions-4335995983?position=34&pageNum=0&refId=6wa1T%2Fc7Ct2t%2Bz7webW4bA%3D%3D&trackingId=G1u%2FoAzmzlJu6uL3t29O2w%3D%3D","1 week ago"
"DevOps Engineer","Broad Reach Partners","Alpharetta, GA","https://www.linkedin.com/jobs/view/devops-engineer-at-broad-reach-partners-4303987210?position=35&pageNum=0&refId=6wa1T%2Fc7Ct2t%2Bz7webW4bA%3D%3D&trackingId=unQjaBCSUG3I7k8ZeLIZAg%3D%3D","2 months ago"
"DevOps Engineer","Jasper","United States","https://www.linkedin.com/jobs/view/devops-engineer-at-jasper-4318500931?position=36&pageNum=0&refId=6wa1T%2Fc7Ct2t%2Bz7webW4bA%3D%3D&trackingId=H%2FUiBDvlh%2BkoxYbnRHwutQ%3D%3D","1 month ago"
"DevOps Engineer","Rain","New York, NY","https://www.linkedin.com/jobs/view/devops-engineer-at-rain-4318510257?position=37&pageNum=0&refId=6wa1T%2Fc7Ct2t%2Bz7webW4bA%3D%3D&trackingId=p7ccuA0S1s88dac1ExhYFQ%3D%3D","1 month ago"
"DevOps Engineer","Uffizio","Michigan, United States","https://www.linkedin.com/jobs/view/devops-engineer-at-uffizio-4324397378?position=38&pageNum=0&refId=6wa1T%2Fc7Ct2t%2Bz7webW4bA%3D%3D&trackingId=uE4SOUZEBd%2BWyAz2qhk0yA%3D%3D","1 day ago"
"Staff Engineer: DevOps","Dispel","Austin, TX","https://www.linkedin.com/jobs/view/staff-engineer-devops-at-dispel-4339045806?position=39&pageNum=0&refId=6wa1T%2Fc7Ct2t%2Bz7webW4bA%3D%3D&trackingId=DJGS3Vx6ZjegPjhKmW15Rw%3D%3D","1 day ago"
"DevOps Engineer","IT Automation LLC","Cary, NC","https://www.linkedin.com/jobs/view/devops-engineer-at-it-automation-llc-4324192032?position=40&pageNum=0&refId=6wa1T%2Fc7Ct2t%2Bz7webW4bA%3D%3D&trackingId=lF0KsyfIyJfJk%2BEemw%2Fjxg%3D%3D","4 days ago"
"DevOps / Systems Engineer","Collate","San Francisco, CA","https://www.linkedin.com/jobs/view/devops-systems-engineer-at-collate-4302854141?position=41&pageNum=0&refId=6wa1T%2Fc7Ct2t%2Bz7webW4bA%3D%3D&trackingId=62bQsDUc0wX9EZHWBiRt0g%3D%3D","2 months ago"
"DevOps Engineer","Chartmetric","San Mateo, CA","https://www.linkedin.com/jobs/view/devops-engineer-at-chartmetric-4304688090?position=42&pageNum=0&refId=6wa1T%2Fc7Ct2t%2Bz7webW4bA%3D%3D&trackingId=VhHI8IJW6n766T9Jktq0Lg%3D%3D","2 months ago"
"DevOps Engineer - All Levels","CodeRabbit","San Francisco, CA","https://www.linkedin.com/jobs/view/devops-engineer-all-levels-at-coderabbit-4318518267?position=43&pageNum=0&refId=6wa1T%2Fc7Ct2t%2Bz7webW4bA%3D%3D&trackingId=iB2jQU8zEacpxt%2FUiF9MdQ%3D%3D","1 month ago"
"Senior DevOps Engineer","CEIPAL","Charlotte, NC","https://www.linkedin.com/jobs/view/senior-devops-engineer-at-ceipal-4305453358?position=44&pageNum=0&refId=6wa1T%2Fc7Ct2t%2Bz7webW4bA%3D%3D&trackingId=WZgl60u3QJeCrmem9EJyMQ%3D%3D","2 months ago"
"DevOps engineer","OVA.Work","Alpharetta, GA","https://www.linkedin.com/jobs/view/devops-engineer-at-ova-work-4310657957?position=45&pageNum=0&refId=6wa1T%2Fc7Ct2t%2Bz7webW4bA%3D%3D&trackingId=P2L0y54Qoqiqu8wKfW4THA%3D%3D","1 month ago"
"DevOps Engineer","Hudu","United States","https://www.linkedin.com/jobs/view/devops-engineer-at-hudu-4323191230?position=46&pageNum=0&refId=6wa1T%2Fc7Ct2t%2Bz7webW4bA%3D%3D&trackingId=aBO%2FucZ87MywSdCaG2f4gA%3D%3D","1 week ago"
"DevOps Engineer","Verra Mobility","New York, NY","https://www.linkedin.com/jobs/view/devops-engineer-at-verra-mobility-4335667666?position=47&pageNum=0&refId=6wa1T%2Fc7Ct2t%2Bz7webW4bA%3D%3D&trackingId=6zl6zs7uDQiMS%2Fp3%2FaqYWQ%3D%3D","2 weeks ago"
"DevOps Engineer","CMG (Capital Markets Gateway)","United States","https://www.linkedin.com/jobs/view/devops-engineer-at-cmg-capital-markets-gateway-4338419750?position=48&pageNum=0&refId=6wa1T%2Fc7Ct2t%2Bz7webW4bA%3D%3D&trackingId=MAPLkJtpKe6FF%2FzlpX6sqg%3D%3D","5 days ago"
"Cloud/DevOps Engineer","Tagup, Inc.","New York, NY","https://www.linkedin.com/jobs/view/cloud-devops-engineer-at-tagup-inc-4333051833?position=49&pageNum=0&refId=6wa1T%2Fc7Ct2t%2Bz7webW4bA%3D%3D&trackingId=y6PRXbXjWwXRXUmguWuDjQ%3D%3D","4 weeks ago"
"DevOps Engineer","Sarya Connective Global Private Limited","Las Vegas, NV","https://www.linkedin.com/jobs/view/devops-engineer-at-sarya-connective-global-private-limited-4324881450?position=50&pageNum=0&refId=6wa1T%2Fc7Ct2t%2Bz7webW4bA%3D%3D&trackingId=cqu1u3C1tiFq%2F9jXKN4G5Q%3D%3D","6 hours ago"
"DevOps Engineer","Mark43","New York, NY","https://www.linkedin.com/jobs/view/devops-engineer-at-mark43-4309062970?position=51&pageNum=0&refId=6wa1T%2Fc7Ct2t%2Bz7webW4bA%3D%3D&trackingId=L%2FFlxA0Vqqs8VXEDbcMVNg%3D%3D","1 month ago"
"DevOps Engineer","Mintlify","San Francisco, CA","https://www.linkedin.com/jobs/view/devops-engineer-at-mintlify-4318506680?position=52&pageNum=0&refId=6wa1T%2Fc7Ct2t%2Bz7webW4bA%3D%3D&trackingId=NJYR67QlrTuFm3ea4g0Qyg%3D%3D","1 month ago"
"Senior DevOps Engineer","Industrial Color","New York, NY","https://www.linkedin.com/jobs/view/senior-devops-engineer-at-industrial-color-4338405772?position=53&pageNum=0&refId=6wa1T%2Fc7Ct2t%2Bz7webW4bA%3D%3D&trackingId=Hz6ks4xk5uxztrznAKF1RQ%3D%3D","5 days ago"
"DevOps Support Engineer","Porter","New York, NY","https://www.linkedin.com/jobs/view/devops-support-engineer-at-porter-4295124575?position=54&pageNum=0&refId=6wa1T%2Fc7Ct2t%2Bz7webW4bA%3D%3D&trackingId=hPmJ9WmzQ%2BzeWSsQvIckaw%3D%3D","2 months ago"
"DevOps Engineer","Kanak Elite Services","New York, NY","https://www.linkedin.com/jobs/view/devops-engineer-at-kanak-elite-services-4338511863?position=55&pageNum=0&refId=6wa1T%2Fc7Ct2t%2Bz7webW4bA%3D%3D&trackingId=ZLc14cPhQlv2VKuCEQ9Nbg%3D%3D","5 days ago"
"DevOps Engineer","Northstrat Incorporated","Columbia, MD","https://www.linkedin.com/jobs/view/devops-engineer-at-northstrat-incorporated-4304125676?position=56&pageNum=0&refId=6wa1T%2Fc7Ct2t%2Bz7webW4bA%3D%3D&trackingId=gFsKQsgwy%2FNWs7U7CFjU6g%3D%3D","2 months ago"
"DevOps Engineer","RSC2, Inc.","Hanover, MD","https://www.linkedin.com/jobs/view/devops-engineer-at-rsc2-inc-4311252822?position=57&pageNum=0&refId=6wa1T%2Fc7Ct2t%2Bz7webW4bA%3D%3D&trackingId=iEvgH%2F6b0Hyo6y4BTuk5lA%3D%3D","1 month ago"
"DevOps Engineer","SmartVault","Houston, TX","https://www.linkedin.com/jobs/view/devops-engineer-at-smartvault-4297941616?position=58&pageNum=0&refId=6wa1T%2Fc7Ct2t%2Bz7webW4bA%3D%3D&trackingId=NuxkRrYhD%2BWFjTAsdvVPlg%3D%3D","2 months ago"
"Cloud DevOps Support Engineer","Nihon Kohden Digital Health Solutions","Irvine, CA","https://www.linkedin.com/jobs/view/cloud-devops-support-engineer-at-nihon-kohden-digital-health-solutions-4295710052?position=59&pageNum=0&refId=6wa1T%2Fc7Ct2t%2Bz7webW4bA%3D%3D&trackingId=IXazO6YVsfbwfOOInMT6gw%3D%3D","3 months ago"
"Cloud Infrastructure DevOps Engineer","The Dignify Solutions, LLC","Austin, TX","https://www.linkedin.com/jobs/view/cloud-infrastructure-devops-engineer-at-the-dignify-solutions-llc-4341965671?position=60&pageNum=0&refId=6wa1T%2Fc7Ct2t%2Bz7webW4bA%3D%3D&trackingId=YeLFz%2BICRb32nRoeoSFa4g%3D%3D","1 month ago"